date,EVI
2000-02-18,0.4346
2000-03-05,0.396
2000-03-21,0.3985
2000-04-06,0.39929998
2000-04-22,0.3798
2000-05-08,0.3445
2000-05-24,0.33359998
2000-06-09,0.31599998
2000-06-25,0.3028
2000-07-11,0.2927
2000-07-27,0.29709998
2000-08-12,0.3037
2000-08-28,0.3002
2000-09-13,0.2902
2000-09-29,0.34309998
2000-10-15,0.36609998
2000-10-31,0.412
2000-11-16,0.3653
2000-12-02,0.4386
2000-12-18,0.4324
2001-01-03,0.42479998
2001-01-19,0.42584997
2001-02-04,0.4269
2001-02-20,0.4414
2001-03-08,0.43129998
2001-03-24,0.3773
2001-04-09,0.3997
2001-04-25,0.36879998
2001-05-11,0.3312
2001-05-27,0.3259
2001-06-12,0.3233
2001-06-28,0.29299998
2001-07-14,0.30859998
2001-07-30,0.2753
2001-08-15,0.27109998
2001-08-31,0.2753
2001-09-16,0.2699
2001-10-02,0.29029998
2001-10-18,0.34719998
2001-11-03,0.3365
2001-11-19,0.34939998
2001-12-05,0.40489998
2001-12-21,0.3293
2002-01-06,0.2829
2002-01-22,0.3628
2002-02-07,0.4461
2002-02-23,0.359
2002-03-11,0.39699998
2002-03-27,0.32709998
2002-04-12,0.3929
2002-04-28,0.35459998
2002-05-14,0.33139998
2002-05-30,0.3062
2002-06-15,0.326
2002-07-01,0.31379998
2002-07-17,0.3008
2002-08-02,0.2893
2002-08-18,0.28
2002-09-03,0.2611
2002-09-19,0.2926
2002-10-05,0.3197
2002-10-21,0.3146
2002-11-06,0.35459998
2002-11-22,0.3338
2002-12-08,0.35459998
2002-12-24,0.3405
2003-01-09,0.43109998
2003-01-25,0.38459998
2003-02-10,0.4312
2003-02-26,0.355
2003-03-14,0.3787
2003-03-30,0.3479
2003-04-15,0.3719
2003-05-01,0.325
2003-05-17,0.3286
2003-06-02,0.3195
2003-06-18,0.3105
2003-07-04,0.2994
2003-07-20,0.2995
2003-08-05,0.3066
2003-08-21,0.2883
2003-09-06,0.2927
2003-09-22,0.32729998
2003-10-08,0.3444
2003-10-24,0.32979998
2003-11-09,0.37809998
2003-11-25,0.3593
2003-12-11,0.33049998
2003-12-27,0.4233
2004-01-12,0.4188
2004-01-28,0.44349998
2004-02-13,0.4312
2004-02-29,0.42249998
2004-03-16,0.4161
2004-04-01,0.39119998
2004-04-17,0.3454
2004-05-03,0.3515
2004-05-19,0.3152
2004-06-04,0.29979998
2004-06-20,0.2936
2004-07-06,0.29479998
2004-07-22,0.2818
2004-08-07,0.278
2004-08-23,0.273
2004-09-08,0.27019998
2004-09-24,0.2798
2004-10-10,0.2972
2004-10-26,0.38079998
2004-11-11,0.3338
2004-11-27,0.3601
2004-12-13,0.35799998
2004-12-29,0.3771
2005-01-14,0.4303
2005-01-30,0.35189998
2005-02-15,0.39209998
2005-03-03,0.4247
2005-03-19,0.3962
2005-04-04,0.3516
2005-04-20,0.40129998
2005-05-06,0.3372
2005-05-22,0.3365
2005-06-07,0.3204
2005-06-23,0.3121
2005-07-09,0.322
2005-07-25,0.28599998
2005-08-10,0.2926
2005-08-26,0.29189998
2005-09-11,0.2826
2005-09-27,0.3042
2005-10-13,0.3803
2005-10-29,0.35029998
2005-11-14,0.3487
2005-11-30,0.3585
2005-12-16,0.3593
2006-01-01,0.38459998
2006-01-17,0.3678
2006-02-02,0.3608
2006-02-18,0.3685
2006-03-06,0.3398
2006-03-22,0.43179998
2006-04-07,0.36229998
2006-04-23,0.3461
2006-05-09,0.3626
2006-05-25,0.32209998
2006-06-10,0.31689999
2006-06-26,0.3419
2006-07-12,0.2972
2006-07-28,0.28779998
2006-08-13,0.24329999
2006-08-29,0.24149999
2006-09-14,0.2645
2006-09-30,0.2747
2006-10-16,0.3701
2006-11-01,0.3705
2006-11-17,0.3741
2006-12-03,0.3945
2006-12-19,0.4141
2007-01-04,0.3102
2007-01-20,0.4348
2007-02-05,0.3712
2007-02-21,0.4737
2007-03-09,0.4622
2007-03-25,0.3574
2007-04-10,0.34149998
2007-04-26,0.3816
2007-05-12,0.3533
2007-05-28,0.3366
2007-06-13,0.3013
2007-06-29,0.3094
2007-07-15,0.31599998
2007-07-31,0.3123
2007-08-16,0.3057
2007-09-01,0.2981
2007-09-17,0.2935
2007-10-03,0.2462
2007-10-19,0.2324
2007-11-04,0.253
2007-11-20,0.2616
2007-12-06,0.31579998
2007-12-22,0.40539998
2008-01-07,0.3287
2008-01-23,0.4364
2008-02-08,0.47779998
2008-02-24,0.4666
2008-03-11,0.4958
2008-03-27,0.466
2008-04-12,0.40579998
2008-04-28,0.3924
2008-05-14,0.36409998
2008-05-30,0.33789998
2008-06-15,0.3198
2008-07-01,0.30679998
2008-07-17,0.29909998
2008-08-02,0.2944
2008-08-18,0.2935
2008-09-03,0.2924
2008-09-19,0.247
2008-10-05,0.2647
2008-10-21,0.2619
2008-11-06,0.2619
2008-11-22,0.3459
2008-12-08,0.3198
2008-12-24,0.3383
2009-01-09,0.3619
2009-01-25,0.489
2009-02-10,0.4746
2009-02-26,0.46159998
2009-03-14,0.4446
2009-03-30,0.41009998
2009-04-15,0.40289998
2009-05-01,0.3615
2009-05-17,0.3566
2009-06-02,0.35209998
2009-06-18,0.3321
2009-07-04,0.31329998
2009-07-20,0.3069
2009-08-05,0.3062
2009-08-21,0.3046
2009-09-06,0.3418
2009-09-22,0.33229998
2009-10-08,0.3574
2009-10-24,0.4006
2009-11-09,0.35619998
2009-11-25,0.3064
2009-12-11,0.345
2009-12-27,0.30859998
2010-01-12,0.33449998
2010-01-28,0.3674
2010-02-13,0.4376
2010-03-01,0.42209998
2010-03-17,0.4346
2010-04-02,0.3811
2010-04-18,0.36389998
2010-05-04,0.3766
2010-05-20,0.29189998
2010-06-05,0.2631
2010-06-21,0.2276
2010-07-07,0.19489999
2010-07-23,0.17809999
2010-08-08,0.17119999
2010-08-24,0.1656
2010-09-09,0.1677
2010-09-25,0.18859999
2010-10-11,0.1858
2010-10-27,0.2147
2010-11-12,0.2148
2010-11-28,0.22129999
2010-12-14,0.2846
2010-12-30,0.4432
2011-01-15,0.61759996
2011-01-31,0.6368
2011-02-16,0.81399995
2011-03-04,0.60899997
2011-03-20,0.4272
2011-04-05,0.30859998
2011-04-21,0.22109999
2011-05-07,0.2271
2011-05-23,0.22459999
2011-06-08,0.2137
2011-06-24,0.1401
2011-07-10,0.1268
2011-07-26,0.0991
2011-08-11,0.0995
2011-08-27,0.0959
2011-09-12,0.095
2011-09-28,0.1165
2011-10-14,0.1117
2011-10-30,0.1433
2011-11-15,0.1451
2011-12-01,0.1893
2011-12-17,0.49989998
2012-01-02,0.5952
2012-01-18,0.68299997
2012-02-03,0.63909996
2012-02-19,0.65929997
2012-03-06,0.45069999
2012-03-22,0.1902
2012-04-07,0.1674
2012-04-23,0.2812
2012-05-09,0.2934
2012-05-25,0.26119998
2012-06-10,0.1894
2012-06-26,0.16309999
2012-07-12,0.1529
2012-07-28,0.1432
2012-08-13,0.14649999
2012-08-29,0.1409
2012-09-14,0.1358
2012-09-30,0.12709999
2012-10-16,0.1336
2012-11-01,0.0928
2012-11-17,0.25509998
2012-12-03,0.1282
2012-12-19,0.3247
2013-01-04,0.3604
2013-01-20,0.7187
2013-02-05,0.7102
2013-02-21,0.7172
2013-03-09,0.4813
2013-03-25,0.281
2013-04-10,0.2136
2013-04-26,0.17109999
2013-05-12,0.2609
2013-05-28,0.37199998
2013-06-13,0.28079998
2013-06-29,0.1962
2013-07-15,0.1511
2013-07-31,0.1442
2013-08-16,0.1454
2013-09-01,0.14389999
2013-09-17,0.1406
2013-10-03,0.1428
2013-10-19,0.16569999
2013-11-04,0.33949998
2013-11-20,0.1909
2013-12-06,0.2696
2013-12-22,0.2528
2014-01-07,0.382
2014-01-23,0.6924
2014-02-08,0.8508
2014-02-24,0.7319
2014-03-12,0.6408
2014-03-28,0.2129
2014-04-13,0.2059
2014-04-29,0.2823
2014-05-15,0.38169998
2014-05-31,0.43829998
2014-06-16,0.32909998
2014-07-02,0.21499999
2014-07-18,0.18959999
2014-08-03,0.1637
2014-08-19,0.1591
2014-09-04,0.1528
2014-09-20,0.1504
2014-10-06,0.1504
2014-10-22,0.16839999
2014-11-07,0.1909
2014-11-23,0.29909998
2014-12-09,0.1664
2014-12-25,0.2977
2015-01-10,0.7448
2015-01-26,0.8139
2015-02-11,0.788
2015-02-27,0.6895
2015-03-15,0.3694
2015-03-31,0.243
2015-04-16,0.38079998
2015-05-02,0.50479996
2015-05-18,0.4414
2015-06-03,0.308
2015-06-19,0.21499999
2015-07-05,0.1645
2015-07-21,0.1454
2015-08-06,0.1382
2015-08-22,0.1435
2015-09-07,0.1343
2015-09-23,0.1435
2015-10-09,0.1354
2015-10-25,0.1795
2015-11-10,0.3057
2015-11-26,0.3274
2015-12-12,0.2095
2015-12-28,0.22469999
2016-01-13,0.39
2016-01-29,0.3775
2016-02-14,0.4084
2016-03-01,0.48529997
2016-03-17,0.42389998
2016-04-02,0.2723
2016-04-18,0.173
2016-05-04,0.1546
2016-05-20,0.16129999
2016-06-05,0.13
2016-06-21,0.122999996
2016-07-07,0.119799994
2016-07-23,0.1193
2016-08-08,0.121199995
2016-08-24,0.1179
2016-09-09,0.123399995
2016-09-25,0.127
2016-10-11,0.1113
2016-10-27,0.13159999
2016-11-12,0.1471
2016-11-28,0.1767
2016-12-14,0.378
2016-12-30,0.49179998
2017-01-15,0.88799995
2017-01-31,0.9259
2017-02-16,0.8954
2017-03-04,0.63949996
2017-03-20,0.18509999
2017-04-05,0.1566
2017-04-21,0.2166
2017-05-07,0.2498
2017-05-23,0.3231
2017-06-08,0.2685
2017-06-24,0.2271
2017-07-10,0.1805
2017-07-26,0.1718
2017-08-11,0.1618
2017-08-27,0.1547
2017-09-12,0.1566
2017-09-28,0.15269999
2017-10-14,0.1487
2017-10-30,0.14739999
2017-11-15,0.1732
2017-12-01,0.3222
2017-12-17,0.83159995
2018-01-02,0.94729996
2018-01-18,0.8904
2018-02-03,0.7809
2018-02-19,0.5317
2018-03-07,0.18789999
2018-03-23,0.17019999
2018-04-08,0.285
2018-04-24,0.3646
2018-05-10,0.2924
2018-05-26,0.2377
2018-06-11,0.1863
2018-06-27,0.1577
2018-07-13,0.1437
2018-07-29,0.14
2018-08-14,0.134
2018-08-30,0.13239999
2018-09-15,0.1308
2018-10-01,0.13
2018-10-17,0.1563
2018-11-02,0.23709999
2018-11-18,0.161
2018-12-04,0.3838
2018-12-20,0.4134
2019-01-05,0.72099996
2019-01-21,0.8391
2019-02-06,0.74289995
2019-02-22,0.6737
2019-03-10,0.4829
2019-03-26,0.17639999
2019-04-11,0.1637
2019-04-27,0.4353
2019-05-13,0.5057
2019-05-29,0.4655
2019-06-14,0.35799998
2019-06-30,0.254
2019-07-16,0.2155
2019-08-01,0.19659999
2019-08-17,0.1721
2019-09-02,0.1519
2019-09-18,0.1424
2019-10-04,0.1384
2019-10-20,0.1795
2019-11-05,0.219
2019-11-21,0.1353
2019-12-07,0.2602
2019-12-23,0.2575
2020-01-08,0.7022
2020-01-24,0.82799995
2020-02-09,0.8279
2020-02-25,0.80009997
2020-03-12,0.5363
2020-03-28,0.26119998
2020-04-13,0.2871
2020-04-29,0.3631
2020-05-15,0.4411
2020-05-31,0.3665
2020-06-16,0.3137
2020-07-02,0.2537
2020-07-18,0.2357
2020-08-03,0.2332
2020-08-19,0.21409999
2020-09-04,0.1683
2020-09-20,0.1566
2020-10-06,0.16
2020-10-22,0.1485
2020-11-07,0.1618
2020-11-23,0.16229999
2020-12-09,0.1709
2020-12-25,0.539
2021-01-10,0.8088
2021-01-26,0.8073
2021-02-11,0.761
2021-02-27,0.44059998
2021-03-15,0.2298
2021-03-31,0.1936
2021-04-16,0.40219998
2021-05-02,0.5158
2021-05-18,0.45369998
2021-06-03,0.2881
2021-06-19,0.19049999
2021-07-05,0.1766
2021-07-21,0.17119999
2021-08-06,0.17009999
2021-08-22,0.16239999
2021-09-07,0.1689
2021-09-23,0.1478
2021-10-09,0.1775
2021-10-25,0.17889999
2021-11-10,0.2039
2021-11-26,0.43919998
2021-12-12,0.7259
2021-12-28,0.86649996
2022-01-13,0.84819996
2022-01-29,0.60899997
2022-02-14,0.32889998
2022-03-02,0.2599
2022-03-18,0.42549998
2022-04-03,0.6756
2022-04-19,0.5406
2022-05-05,0.533
2022-05-21,0.37
2022-06-06,0.2267
2022-06-22,0.1437
2022-07-08,0.15869999
2022-07-24,0.16579999
2022-08-09,0.1586
2022-08-25,0.1532
2022-09-10,0.155
2022-09-26,0.13599999
2022-10-12,0.127
2022-10-28,0.1028
2022-11-13,0.17469999
2022-11-29,0.2598
2022-12-15,0.7511
2022-12-31,0.8772
2023-01-16,0.82159996
2023-02-01,0.8912
2023-02-17,0.4588
2023-03-05,0.4192
2023-03-21,0.2068
2023-04-06,0.43039998
2023-04-22,0.54649997
2023-05-08,0.5798
2023-05-24,0.6186
2023-06-09,0.486
2023-06-25,0.4055
2023-07-11,0.3602
2023-07-27,0.2923
2023-08-12,0.2473
2023-08-28,0.1722
2023-09-13,0.175
2023-09-29,0.1723
2023-10-15,0.1563
2023-10-31,0.1841
2023-11-16,0.1611
2023-12-02,0.2844
2023-12-18,0.4082
2024-01-03,0.7012
2024-01-19,0.80009997
2024-02-04,0.79459995
2024-02-20,0.7739
2024-03-07,0.39209998
2024-03-23,0.175
2024-04-08,0.3482
2024-04-24,0.5141
2024-05-10,0.4869
2024-05-26,0.4409
2024-06-11,0.3206
2024-06-27,0.2649
2024-07-13,0.24129999
2024-07-29,0.1915
2024-08-14,0.199
2024-08-30,0.1857
2024-09-15,0.1635
2024-10-01,0.1503
2024-10-17,0.14379999
2024-11-02,0.12459999
2024-11-18,0.1293
2024-12-04,0.1616
2024-12-20,0.53099996
2025-01-05,0.64449996
2025-01-21,0.84849995
2025-02-06,0.80619997
2025-02-22,0.958
2025-03-10,0.2244
2025-03-26,0.3188
